{"timestamp": 1735223378.905712, "large_bids": [[95787.33, 0.13738]], "large_asks": [[95787.34, 2.17664], [95788.44, 0.20558], [95788.49, 0.19722], [95788.71, 0.20911], [95788.78, 0.05219]], "imbalance": 0.8958460429260718}