{"timestamp": 1735223370.040721, "large_bids": [[95775.99, 4.83696], [95775.51, 0.39], [95775.35, 0.72601], [95775.34, 0.19859], [95774.87, 0.05244], [95772.75, 0.15673], [95772.48, 0.5222], [95772.47, 0.4951], [95772.41, 0.20914], [95772.4, 0.82549]], "large_asks": [], "imbalance": 0.986823648824866}