{"timestamp": 1735223390.319219, "large_bids": [[95760.0, 0.49338]], "large_asks": [[95760.01, 4.77669], [95760.51, 0.10256], [95760.52, 0.05243], [95760.62, 0.05366], [95761.44, 0.14022]], "imbalance": 0.8134844176654437}