{"timestamp": 1735223320.091095, "large_bids": [], "large_asks": [[95709.41, 4.13556], [95709.54, 0.4923], [95709.57, 0.47653], [95709.88, 0.52029], [95709.91, 0.1047], [95710.22, 0.2094], [95710.33, 0.08602], [95710.38, 0.07846], [95710.53, 0.07846]], "imbalance": 0.9973598412078407}