{"timestamp": 1735223330.227617, "large_bids": [[95739.07, 4.84739], [95738.79, 0.1146], [95737.62, 0.10107]], "large_asks": [[95739.08, 1.05412]], "imbalance": 0.6390918324938341}