{"timestamp": 1735223357.372394, "large_bids": [[95772.4, 4.52931], [95771.99, 0.09676], [95769.72, 0.17591], [95767.29, 0.22008], [95767.18, 0.05238]], "large_asks": [[95772.41, 0.4879], [95776.47, 0.05221]], "imbalance": 0.7974880138114174}