{"timestamp": 1735223328.961054, "large_bids": [[95739.07, 5.6427], [95738.79, 0.1146], [95737.62, 0.10107], [95737.46, 0.05399]], "large_asks": [[95739.08, 0.37504]], "imbalance": 0.8526961436118512}