{"timestamp": 1735223340.440425, "large_bids": [[95748.0, 1.75625], [95740.07, 0.07965], [95740.06, 0.24479]], "large_asks": [[95748.01, 2.6774], [95748.71, 0.05244], [95748.85, 0.31529], [95748.86, 0.15685], [95749.5, 0.05244], [95750.3, 0.05184]], "imbalance": 0.2026555161124057}