{"timestamp": 1735223289.677494, "large_bids": [[95696.46, 4.727], [95696.1, 0.10444], [95696.04, 0.18482], [95695.26, 0.20937], [95694.23, 0.25049]], "large_asks": [[95696.47, 0.12482], [95696.48, 0.14899], [95697.59, 0.20505]], "imbalance": 0.8396559142643074}