{"timestamp": 1735223322.625249, "large_bids": [[95709.4, 0.68532]], "large_asks": [[95709.41, 3.39744], [95709.56, 0.44239], [95709.57, 0.05227], [95709.88, 0.25581], [95709.91, 0.05246], [95710.2, 0.07858], [95710.22, 0.2094], [95710.25, 0.07846], [95710.36, 0.05234], [95710.38, 0.07846], [95710.53, 0.07836]], "imbalance": 0.7265183338301852}