{"timestamp": 1735223349.309193, "large_bids": [[95734.55, 1.39903]], "large_asks": [[95734.56, 2.06935]], "imbalance": 0.18728454846852602}