{"timestamp": 1735223318.819764, "large_bids": [[95709.87, 0.11484], [95703.42, 0.13705], [95703.38, 0.20919]], "large_asks": [[95709.88, 4.86618], [95709.89, 0.14895], [95709.91, 0.1047], [95710.22, 0.2094], [95710.33, 0.08602], [95714.43, 0.22662], [95715.33, 0.1401]], "imbalance": 0.8458783484717193}