{"timestamp": 1735223373.839028, "large_bids": [[95800.44, 5.34121], [95798.92, 0.16377], [95798.91, 0.21893], [95798.06, 0.19865], [95795.32, 0.14937]], "large_asks": [[95800.45, 0.38938]], "imbalance": 0.87415915657756}