{"timestamp": 1735223334.92329, "large_bids": [[95758.66, 2.62003], [95756.47, 0.05194], [95756.42, 0.06016], [95756.0, 0.0547], [95752.66, 0.35597]], "large_asks": [[95758.67, 1.445], [95760.23, 0.05243]], "imbalance": 0.3389664220572821}