{"timestamp": 1735223368.773157, "large_bids": [[95772.4, 2.25931], [95770.81, 0.13079]], "large_asks": [[95772.41, 0.65884]], "imbalance": 0.5679968196244815}