{"timestamp": 1735223336.639805, "large_bids": [[95758.66, 1.89125], [95756.42, 0.06016], [95752.66, 0.20863]], "large_asks": [[95758.67, 1.84541], [95760.02, 0.04981], [95760.23, 0.05243]], "imbalance": 0.05778683808177253}