{"timestamp": 1735223383.976528, "large_bids": [], "large_asks": [[95787.34, 2.6834], [95787.79, 0.05241], [95789.09, 0.20185]], "imbalance": 0.9935239177290272}