{"timestamp": 1735223303.613408, "large_bids": [[95716.6, 2.2144]], "large_asks": [[95716.61, 1.67554], [95717.92, 0.10456], [95717.98, 0.05233]], "imbalance": 0.08629120544945874}