{"timestamp": 1735223299.813623, "large_bids": [[95716.6, 4.34638], [95715.05, 0.11252]], "large_asks": [[95716.61, 1.47834], [95717.71, 0.05245], [95717.98, 0.05245], [95718.46, 0.05245], [95719.15, 0.35043], [95719.16, 0.57139], [95719.71, 0.05233]], "imbalance": 0.25056531145553507}