{"timestamp": 1735223346.773298, "large_bids": [[95734.55, 1.71382]], "large_asks": [[95734.56, 1.32554]], "imbalance": 0.1442216951054656}