{"timestamp": 1735223376.371496, "large_bids": [], "large_asks": [[95787.34, 2.18043], [95788.43, 0.09583], [95788.44, 0.28786], [95788.49, 0.29751], [95788.5, 0.0859], [95788.71, 0.20911], [95788.78, 0.05219]], "imbalance": 0.9593741208301159}