{"timestamp": 1735223366.240994, "large_bids": [[95772.4, 2.42392], [95770.81, 0.14278]], "large_asks": [[95772.41, 1.12833], [95773.55, 0.0523]], "imbalance": 0.36991774383078707}