{"timestamp": 1735223351.030785, "large_bids": [[95734.55, 0.73001]], "large_asks": [[95734.56, 1.99813]], "imbalance": 0.4782799101529946}