{"timestamp": 1735223353.568825, "large_bids": [[95758.79, 6.23364], [95756.0, 0.05476], [95754.27, 0.06]], "large_asks": [[95758.8, 0.21056], [95762.43, 0.20274], [95762.44, 0.1201]], "imbalance": 0.8160754457264581}