{"timestamp": 1735223313.745465, "large_bids": [[95716.62, 4.24835], [95711.66, 0.15724], [95711.65, 0.2094], [95710.15, 0.118], [95709.87, 0.13581], [95709.51, 0.22738], [95708.93, 0.13333]], "large_asks": [[95716.63, 1.53407], [95717.93, 0.10468], [95718.26, 0.05245], [95719.14, 0.53395], [95719.16, 0.55438], [95719.81, 0.07219], [95719.84, 0.05245], [95720.76, 0.20418], [95721.11, 0.0801], [95721.19, 0.0538]], "imbalance": 0.22742875704019078}