{"timestamp": 1735223312.4789, "large_bids": [[95710.15, 2.5476], [95708.93, 0.19791], [95708.92, 0.2094], [95708.46, 0.0525]], "large_asks": [[95710.16, 0.09357]], "imbalance": 0.9383081802655885}