{"timestamp": 1735223315.012078, "large_bids": [[95716.62, 4.19917], [95715.37, 0.06327], [95715.36, 0.20939], [95711.66, 0.15724], [95710.15, 0.1134], [95709.87, 0.13571]], "large_asks": [[95716.63, 1.34538], [95717.93, 0.10468], [95718.26, 0.05245], [95719.09, 0.05245], [95719.14, 0.39562], [95719.16, 0.55438], [95720.76, 0.20408]], "imbalance": 0.27677525617522536}