{"timestamp": 1735223367.50656, "large_bids": [[95772.4, 2.40841], [95770.81, 0.14278]], "large_asks": [[95772.41, 1.08318], [95773.55, 0.0523]], "imbalance": 0.3837287667888961}