{"timestamp": 1735223302.345835, "large_bids": [[95716.6, 2.2709]], "large_asks": [[95716.61, 1.67792], [95717.92, 0.10456], [95717.98, 0.05233]], "imbalance": 0.09805294792031435}