{"timestamp": 1735223387.778088, "large_bids": [], "large_asks": [[95777.17, 6.19701], [95779.65, 0.13947], [95779.66, 0.10047], [95780.01, 0.27574], [95780.24, 0.0522]], "imbalance": 0.9975692942419347}