{"timestamp": 1735223317.551227, "large_bids": [[95716.62, 1.67168], [95711.66, 0.08738]], "large_asks": [[95716.63, 2.08389], [95717.93, 0.05245], [95718.26, 0.05245], [95718.43, 0.05245], [95718.45, 0.05245], [95719.09, 0.05245], [95719.14, 0.3955], [95719.16, 0.55426], [95719.53, 0.20926]], "imbalance": 0.3242651547707532}