{"timestamp": 1735223382.708779, "large_bids": [[95787.33, 0.45065]], "large_asks": [[95787.34, 1.85034], [95789.14, 0.07656]], "imbalance": 0.6245119841858169}