{"timestamp": 1735223348.040909, "large_bids": [[95734.55, 2.1268], [95732.01, 0.112], [95729.14, 0.05228]], "large_asks": [[95734.56, 0.86835]], "imbalance": 0.45354323900342175}