{"timestamp": 1735223342.975551, "large_bids": [[95734.55, 0.52487]], "large_asks": [[95734.56, 3.15919], [95734.78, 0.0525], [95734.89, 0.05244], [95735.24, 0.27253], [95735.3, 0.19695], [95735.32, 0.15685], [95735.43, 0.05244], [95736.0, 0.22224], [95736.25, 0.05339], [95736.3, 0.05232], [95737.82, 0.05222]], "imbalance": 0.7775927731492698}