{"timestamp": 1735223323.892768, "large_bids": [[95709.4, 0.6856]], "large_asks": [[95709.41, 2.78818], [95709.56, 0.30132], [95709.88, 0.25581], [95710.22, 0.2094], [95710.23, 0.05277], [95710.24, 0.05234], [95710.36, 0.05234]], "imbalance": 0.6549730137904769}