{"timestamp": 1735223359.907475, "large_bids": [[95772.4, 2.29196], [95769.24, 0.21372]], "large_asks": [[95772.41, 1.29228], [95772.47, 0.0535]], "imbalance": 0.31634775010921784}