{"timestamp": 1735223363.707211, "large_bids": [[95772.4, 2.42511], [95770.81, 0.14258], [95770.35, 0.25491]], "large_asks": [[95772.41, 0.75662], [95773.55, 0.0523]], "imbalance": 0.5230768817968874}