{"timestamp": 1735223331.496213, "large_bids": [[95748.88, 5.46681], [95744.02, 0.57194], [95743.99, 0.5222], [95743.98, 0.61769], [95742.13, 0.13766]], "large_asks": [[95748.89, 0.33676], [95750.73, 0.05244], [95752.65, 0.05244], [95753.01, 0.25156], [95753.02, 0.20919], [95753.03, 0.0601], [95753.53, 0.0801]], "imbalance": 0.7472414589788097}