{"timestamp": 1735223341.70699, "large_bids": [[95734.55, 0.11674]], "large_asks": [[95734.56, 3.57947], [95735.31, 0.12697], [95735.32, 0.15685], [95736.0, 0.22234], [95736.3, 0.05244], [95738.45, 0.06966], [95738.46, 0.13705], [95738.97, 0.05238]], "imbalance": 0.9137346297069525}