{"timestamp": 1735223287.144334, "large_bids": [[95681.94, 4.58167], [95678.98, 2.04477], [95678.97, 0.30085], [95678.87, 0.31302], [95678.86, 0.28229]], "large_asks": [[95681.95, 0.20591], [95688.67, 0.14022], [95691.1, 0.07207], [95691.99, 0.10714], [95692.0, 0.0546]], "imbalance": 0.851420989254942}