{"timestamp": 1735223356.100867, "large_bids": [[95758.79, 0.76516], [95754.27, 0.06]], "large_asks": [[95758.8, 2.54012], [95759.99, 0.14031], [95760.15, 0.05243], [95760.22, 0.05243], [95760.64, 0.05243], [95761.32, 0.20929]], "imbalance": 0.579712340641136}