{"timestamp": 1735223326.424868, "large_bids": [[95721.09, 3.86983], [95720.15, 0.39], [95719.99, 0.2144], [95719.98, 1.01726], [95719.16, 0.97143], [95719.15, 0.5961], [95718.37, 0.07816], [95717.5, 0.05228]], "large_asks": [[95722.9, 0.05685]], "imbalance": 0.9832849519656716}