{"timestamp": 1735223304.878979, "large_bids": [[95719.15, 4.46676], [95716.61, 1.04401], [95716.6, 0.17319], [95716.57, 0.05228], [95714.76, 0.05258], [95714.26, 0.22945]], "large_asks": [[95719.16, 0.57151], [95720.86, 0.07501], [95720.87, 0.05251], [95721.41, 0.14022], [95722.9, 0.05697], [95724.18, 0.19398], [95725.01, 0.05223]], "imbalance": 0.6728208352955551}