{"timestamp": 1735223294.747351, "large_bids": [[95696.46, 3.08192], [95695.27, 0.10602], [95692.0, 0.0546]], "large_asks": [[95696.47, 0.76278], [95696.48, 0.14899], [95697.83, 0.07723]], "imbalance": 0.5331180423416074}