{"timestamp": 1735223372.573001, "large_bids": [[95800.44, 5.386], [95798.92, 0.10264], [95798.91, 0.21893], [95795.32, 0.14943], [95794.56, 0.24946], [95794.55, 0.20909], [95794.31, 0.05228]], "large_asks": [[95800.45, 0.33174]], "imbalance": 0.8941745125526805}