{"timestamp": 1735223311.208284, "large_bids": [[95710.15, 2.15299]], "large_asks": [[95710.16, 1.38856], [95711.1, 0.07471], [95711.39, 0.05234], [95711.69, 0.05234]], "imbalance": 0.15718428263587744}