{"timestamp": 1735223308.678156, "large_bids": [[95710.15, 2.0602], [95709.04, 0.19055], [95709.03, 0.2094], [95704.85, 0.25551]], "large_asks": [[95710.16, 1.42513], [95712.59, 0.05246], [95714.49, 0.17355]], "imbalance": 0.24345551498523987}