{"timestamp": 1735223285.875824, "large_bids": [[95678.86, 2.66099], [95678.16, 0.07827]], "large_asks": [[95678.87, 1.28884], [95679.41, 0.08022]], "imbalance": 0.33533554664261417}