{"timestamp": 1735223301.081244, "large_bids": [[95716.6, 2.54121]], "large_asks": [[95716.61, 0.8885], [95717.98, 0.05233]], "imbalance": 0.4605154968823519}