{"timestamp": 1735223339.172911, "large_bids": [[95748.0, 1.46928], [95738.64, 0.07653], [95738.63, 0.25465]], "large_asks": [[95748.01, 3.49404], [95748.71, 0.05244], [95748.86, 0.15685], [95749.49, 0.32489], [95749.5, 0.05244], [95751.33, 0.1401], [95751.42, 0.05222]], "imbalance": 0.391497458872269}