{"timestamp": 1735223389.04763, "large_bids": [[95760.0, 0.64274], [95756.0, 0.06176]], "large_asks": [[95760.01, 4.77591], [95760.51, 0.10256], [95760.52, 0.05243], [95760.55, 0.05188], [95761.44, 0.14022]], "imbalance": 0.7511135688490704}