{"timestamp": 1735223361.174038, "large_bids": [[95772.4, 2.02354]], "large_asks": [[95772.41, 1.21521], [95773.55, 0.0523]], "imbalance": 0.208166382703719}