{"timestamp": 1735223327.690463, "large_bids": [[95737.62, 4.90769], [95735.67, 0.0672], [95735.66, 0.22331], [95732.02, 0.15526], [95730.78, 0.05238]], "large_asks": [[95737.63, 0.19097], [95739.03, 0.05244], [95739.08, 0.20934]], "imbalance": 0.8441060572131406}