{"timestamp": 1735223290.943626, "large_bids": [[95696.46, 3.60057], [95695.27, 0.16694], [95695.26, 0.20931]], "large_asks": [[95696.47, 0.126], [95696.48, 0.14899]], "imbalance": 0.8695603309810019}