{"timestamp": 1735223386.509533, "large_bids": [[95777.16, 0.36376]], "large_asks": [[95777.17, 5.88549], [95779.65, 0.13947], [95779.66, 0.10047], [95780.01, 0.22166], [95780.24, 0.0523]], "imbalance": 0.8902240833924994}