{"timestamp": 1735223393.299354, "large_bids": [[95778.78, 4.8666], [95775.04, 0.1043], [95775.03, 0.22121], [95772.25, 0.1354], [95769.69, 0.1396]], "large_asks": [[95781.24, 0.24165], [95781.26, 0.15673]], "imbalance": 0.8436953462989993}