{"timestamp": 1735223298.548102, "large_bids": [[95716.6, 6.19051], [95715.05, 0.17982], [95714.57, 0.21576]], "large_asks": [[95716.61, 0.27754], [95717.98, 0.05245], [95719.16, 0.57139], [95719.71, 0.05233]], "imbalance": 0.7402132324265068}