{"timestamp": 1735223337.90538, "large_bids": [[95758.66, 2.2185], [95756.42, 0.06016], [95756.0, 0.0547], [95752.66, 0.20863]], "large_asks": [[95758.67, 1.62698], [95760.23, 0.05243]], "imbalance": 0.20939117915778432}