{"timestamp": 1735223392.032783, "large_bids": [[95763.76, 6.15488], [95763.45, 0.20922], [95763.44, 0.11376], [95760.58, 0.51039], [95760.51, 0.5221]], "large_asks": [[95763.77, 0.23861], [95772.15, 0.10797]], "imbalance": 0.9031413251905951}