{"timestamp": 1735223381.441836, "large_bids": [[95787.33, 2.30189], [95786.22, 0.37098], [95786.21, 0.26145]], "large_asks": [[95787.34, 0.26644]], "imbalance": 0.8324592390882957}