{"timestamp": 1735223288.408902, "large_bids": [[95695.98, 0.84564], [95695.23, 0.07866], [95692.0, 0.05476], [95691.13, 0.20932], [95689.67, 0.05884], [95689.63, 0.10035]], "large_asks": [[95695.99, 1.54271], [95696.47, 0.08808], [95696.48, 0.14899], [95697.78, 0.05234]], "imbalance": 0.1684447839156361}