{"timestamp": 1735223371.307293, "large_bids": [[95783.13, 6.00243], [95783.12, 0.26394], [95782.59, 0.20918], [95781.42, 0.07816], [95781.39, 0.25867], [95780.46, 0.05295], [95780.14, 0.05236], [95779.24, 0.05228]], "large_asks": [[95783.14, 0.17635], [95789.28, 0.13566]], "imbalance": 0.9093940361147141}