{"timestamp": 1735223321.357659, "large_bids": [], "large_asks": [[95709.41, 4.0158], [95709.56, 0.59556], [95709.57, 0.47653], [95709.88, 0.52029], [95709.91, 0.1047], [95710.2, 0.07858], [95710.22, 0.2094], [95710.25, 0.07846], [95710.33, 0.0859], [95710.38, 0.07846], [95710.53, 0.07836]], "imbalance": 0.9970978657154992}