{"timestamp": 1735223333.209727, "large_bids": [[95758.66, 2.33377], [95756.47, 0.05194], [95756.42, 0.06016], [95756.0, 0.0547], [95752.66, 0.20863]], "large_asks": [[95758.67, 1.77442], [95760.23, 0.05243]], "imbalance": 0.15926943523343362}