{"timestamp": 1735223309.944716, "large_bids": [[95710.15, 2.01679], [95709.04, 0.19055], [95705.07, 0.20929], [95704.85, 0.25551]], "large_asks": [[95710.16, 1.76631], [95711.76, 0.05246], [95712.59, 0.05234]], "imbalance": 0.1734145906440917}