{"timestamp": 1735223385.243144, "large_bids": [], "large_asks": [[95787.34, 2.22795], [95787.79, 0.05247], [95789.09, 0.10787]], "imbalance": 0.993945682724361}