{"timestamp": 1735223296.014926, "large_bids": [[95704.75, 4.10772], [95704.74, 0.54022], [95702.58, 0.36064], [95702.56, 0.22181], [95700.28, 0.05228]], "large_asks": [[95704.76, 0.32807], [95705.96, 0.06361], [95706.79, 0.15685], [95706.88, 0.05246], [95707.7, 0.07846]], "imbalance": 0.7664636587084459}