{"timestamp": 1735223380.176173, "large_bids": [[95787.33, 0.92386]], "large_asks": [[95787.34, 2.05987], [95788.44, 0.20558], [95788.49, 0.19722], [95788.71, 0.20911], [95788.78, 0.05219]], "imbalance": 0.4906486207119324}