{"timestamp": 1735223297.280515, "large_bids": [[95712.95, 5.73386], [95711.21, 0.07933], [95710.86, 0.2094], [95706.83, 0.10609], [95706.79, 0.25759]], "large_asks": [[95712.96, 0.15441], [95714.48, 0.05252], [95715.01, 0.20517], [95716.6, 0.14593], [95716.61, 0.15673], [95717.2, 0.05223]], "imbalance": 0.7798703912082857}