{"timestamp": 1735223325.159383, "large_bids": [[95709.4, 1.99092]], "large_asks": [[95709.41, 2.32022], [95709.56, 0.22296], [95709.88, 0.25581], [95710.22, 0.2094], [95710.36, 0.05234]], "imbalance": 0.195383327773193}