{"timestamp": 1735223362.441647, "large_bids": [[95772.4, 2.03667], [95770.81, 0.09142], [95770.35, 0.25491]], "large_asks": [[95772.41, 0.3622], [95773.55, 0.0523]], "imbalance": 0.6582632472250743}