{"timestamp": 1735223358.639922, "large_bids": [[95772.4, 4.23242], [95771.99, 0.09676], [95769.72, 0.11094], [95767.29, 0.22008]], "large_asks": [[95772.41, 1.27191]], "imbalance": 0.5623537579599058}