{"timestamp": 1735223307.411647, "large_bids": [[95719.15, 4.07729], [95716.62, 0.09535]], "large_asks": [[95719.16, 1.8882], [95722.9, 0.05685]], "imbalance": 0.357353717237298}