{"timestamp": 1735223375.105198, "large_bids": [[95800.44, 2.38044], [95798.92, 0.119], [95798.06, 0.19865]], "large_asks": [[95800.45, 1.88555], [95801.44, 0.05241], [95801.54, 0.10623], [95801.55, 0.05241], [95801.99, 0.05241], [95802.17, 0.2092]], "imbalance": 0.07020761982159782}