{"timestamp": 1735223293.48176, "large_bids": [[95696.46, 3.4579], [95695.27, 0.16694], [95695.26, 0.20931]], "large_asks": [[95696.47, 0.7564], [95696.48, 0.14899]], "imbalance": 0.6180489168002591}