{"timestamp": 1735223352.300306, "large_bids": [[95734.55, 2.47757]], "large_asks": [[95734.56, 1.69172]], "imbalance": 0.19374889173020723}