{"timestamp": 1735223316.280643, "large_bids": [[95716.62, 3.03347], [95711.66, 0.15712], [95711.06, 0.20918]], "large_asks": [[95716.63, 1.9038], [95717.93, 0.05245], [95718.26, 0.05245], [95718.43, 0.05245], [95719.09, 0.05245], [95719.14, 0.39562], [95719.16, 0.55438], [95719.53, 0.20938]], "imbalance": 0.014822093807749964}