{"timestamp": 1735223292.216223, "large_bids": [[95696.46, 3.56628], [95695.27, 0.16694], [95695.26, 0.20931]], "large_asks": [[95696.47, 0.12573], [95696.48, 0.14899]], "imbalance": 0.8686236834278324}