{"timestamp": 1735223345.507704, "large_bids": [[95734.55, 2.17027], [95732.01, 0.14621], [95729.25, 0.05228]], "large_asks": [[95734.56, 1.47038]], "imbalance": 0.24516398290655156}