{"timestamp": 1735223344.242142, "large_bids": [[95734.55, 1.74973]], "large_asks": [[95734.56, 1.90035], [95734.78, 0.0525], [95735.1, 0.0525], [95735.3, 0.19695], [95735.32, 0.15685], [95735.43, 0.05244], [95736.0, 0.22224], [95736.25, 0.05327], [95736.3, 0.05232]], "imbalance": 0.21113485145843564}