{"timestamp": 1735223364.973427, "large_bids": [[95772.4, 2.42512], [95770.81, 0.07757]], "large_asks": [[95772.41, 1.19914], [95773.55, 0.0523]], "imbalance": 0.3226338399487431}