{"timestamp": 1735223377.639201, "large_bids": [[95787.33, 1.64617]], "large_asks": [[95787.34, 2.06213], [95788.44, 0.20558], [95788.49, 0.19722], [95788.71, 0.20911], [95788.78, 0.05219]], "imbalance": 0.2517440335105586}