{"timestamp": 1735223306.145148, "large_bids": [[95719.15, 4.76692], [95716.62, 0.12864], [95716.57, 0.05238]], "large_asks": [[95719.16, 0.56783], [95722.9, 0.05685]], "imbalance": 0.7680563536741498}